,,,,,,
"Billboard Hot 100 - Week of February 22, 2026",,,,,,
,,,,,,
Rank,LW Rank,Artist,Title,Label,Weeks On Chart,Peak Position
1,1,Example Artist,Example Song Title,Atlantic,12,1
2,3,Second Artist,Another Great Song,Island/Republic,8,2
3,2,Third Artist,Top Three Hit,Republic,15,1
4,5,Fourth Artist,Rising Star,Columbia,6,4
5,4,Fifth Artist,Summer Smash,Epic,22,2
6,7,Sixth Artist,Chart Climber,Capitol,4,6
7,6,Seventh Artist,New Wave,Warner,3,7
8,10,Eighth Artist,Gold Standard,Columbia,45,1
9,-,Ninth Artist,Brand New Entry,RCA,1,9
10,9,Tenth Artist,Holding Steady,Interscope,11,7
